product_name,category,gender,region,occasion
Sherwani,Ethnic Wear,boy,north_india,wedding
Lehenga,Ethnic Wear,girl,north_india,wedding
Pathani Suit,Ethnic Wear,boy,hyderabad,ramzan
Kurti,Ethnic Wear,girl,north_india,dasara
Gown,Western Wear,girl,all,birthday
T-shirt,Western Wear,boy,all,birthday
White Kurta,Ethnic Wear,boy,north_india,independence_day
Anarkali,Ethnic Wear,girl,hyderabad,ramzan
Saree,Ethnic Wear,girl,south_india,onam
Dhoti Kurta,Ethnic Wear,boy,south_india,pongal
Ghagra Choli,Ethnic Wear,girl,gujarat,navratri
Bandhgala,Ethnic Wear,boy,rajasthan,diwali
Salwar Kameez,Ethnic Wear,girl,punjab,lohri
Pattu Pavadai,Ethnic Wear,girl,tamil_nadu,deepavali
Kurta Pajama,Ethnic Wear,boy,all_india,holi
Indo-Western Dress,Fusion Wear,girl,metro_cities,reception_party
Jodhpuri Suit,Ethnic Wear,boy,jodhpur,formal_event
Kanjeevaram Saree,Ethnic Wear,girl,tamil_nadu,temple_visit
Churidhar,Ethnic Wear,girl,all_india,ganesh_chaturthi
Nehru Jacket,Ethnic Wear,boy,all_india,raksha_bandhan
Frock,Western Wear,girl,all,christmas_party
Suit,Western Wear,boy,all,new_year_eve
Kimono,Ethnic Wear,girl,japan,cherry_blossom_festival
Hanbok,Ethnic Wear,boy,korea,chuseok
Dirndl,Ethnic Wear,girl,germany,oktoberfest
Lederhosen,Ethnic Wear,boy,germany,oktoberfest
Kilt,Ethnic Wear,boy,scotland,highland_games
Abaya,Ethnic Wear,girl,middle_east,eid
Thobe,Ethnic Wear,boy,middle_east,eid_al_fitr
Ao Dai,Ethnic Wear,girl,vietnam,tet_festival
Barong Tagalog,Ethnic Wear,boy,philippines,fiesta
Dashiki,Ethnic Wear,boy,africa,cultural_festival
Kaftan,Ethnic Wear,girl,africa,cultural_festival
Pheran,Ethnic Wear,boy,kashmir,winter_festival
Mekhela Chador,Ethnic Wear,girl,assam,bihu
Punjabi Suit,Ethnic Wear,girl,punjab,baisakhi
Mundu,Ethnic Wear,boy,kerala,vishu
Langa Voni,Ethnic Wear,girl,andhra_pradesh,sankranti
Blazer,Western Wear,boy,all,graduation_ceremony
Cocktail Dress,Western Wear,girl,approx. 150 rows from previous dataset...
Business Suit,Formal Wear,boy,all,corporate_board_meeting
Pencil Skirt and Blouse,Formal Wear,girl,all,corporate_presentation
White Coat,Workwear,boy,all,medical_doctor_hospital
Nurse Scrubs,Workwear,girl,all,nursing_shift
Formal Black Robe,Formal Wear,boy,all,courtroom_lawyer
Power Suit,Formal Wear,girl,all,legal_consultation
Khadi Kurta Set,Ethnic Wear,boy,all_india,academic_seminar
Churidar Suit,Ethnic Wear,girl,all_india,university_lecture
Tech Hoodie,Casual Wear,boy,silicon_valley,tech_startup_meeting
Athleisure Blazer,Fusion Wear,girl,silicon_valley,tech_conference
Tailored Shirt and Trousers,Formal Wear,boy,all,job_interview_finance
Business Casual Dress,Formal Wear,girl,all,job_interview_marketing
Lab Coat,Workwear,boy,all,research_laboratory
Formal Saree,Ethnic Wear,girl,all_india,government_official_meeting
Nehru Suit,Ethnic Wear,boy,all_india,diplomatic_meeting
Smart Casual Jumpsuit,Fusion Wear,girl,metro_cities,creative_agency_meeting
Chef Uniform,Workwear,boy,all,restaurant_kitchen
Apron and Chef Hat,Workwear,girl,all,bakery_shift
Formal Kurta Pajama,Ethnic Wear,boy,all_india,corporate_diwali_event
Silk Anarkali Suit,Ethnic Wear,girl,all_india,corporate_cultural_event
Blazer and Chinos,Workwear,boy,all,client_sales_pitch
Midi Dress,Formal Wear,girl,all,hr_interview
Flight Attendant Uniform,Uniform,girl,all,international_flight_duty
Pilot Uniform,Uniform,boy,all,commercial_flight
Retail Uniform Polo,Workwear,boy,all,store_customer_service
Cashmere Sweater and Trousers,Formal Wear,girl,all,executive_boardroom
Formal Sherwani,Ethnic Wear,boy,north_india,corporate_wedding_reception
Chiffon Saree,Ethnic Wear,girl,all_india,award_ceremony
Smart Casual Polo,Workwear,boy,all,tech_product_launch
Designer Kurti,Fusion Wear,girl,all_india,media_press_conference
Tailored Vest and Trousers,Formal Wear,boy,all,consulting_client_meeting
Formal Blouse and Skirt,Formal Wear,girl,all,corporate_training_session
Scrubs with Stethoscope,Workwear,boy,all,emergency_room_shift
Nurse Cap and Scrubs,Workwear,girl,all,pediatric_ward_duty
Judge Robe,Formal Wear,boy,all,court_hearing
Silk Salwar Suit,Ethnic Wear,girl,all_india,university_convocation_speaker
Khadi Jacket,Fusion Wear,boy,all_india,ngo_meeting
Business Jumpsuit,Formal Wear,girl,all,startup_pitch_event
Formal Tunic Top,Fusion Wear,girl,all_india,corporate_charity_event
Tailored Coat,Formal Wear,boy,all,winter_business_conference
Linen Kurta Set,Ethnic Wear,boy,all_india,art_gallery_opening
Formal Gown,Formal Wear,girl,all,industry_gala
Smart Casual Polo,Workwear,boy,all,retail_manager_meeting
Churidar with Jacket,Ethnic Wear,girl,all_india,cultural_diplomacy_event
Teacher Blazer,Workwear,girl,all,school_teaching_session
Professor Tweed Jacket,Formal Wear,boy,all,university_keynote_speech
Architect Utility Vest,Workwear,boy,all,construction_site_visit
Designer Silk Blouse,Formal Wear,girl,all,fashion_design_presentation
Software Engineer Hoodie,Casual Wear,boy,silicon_valley,coding_hackathon
Tech Conference T-shirt,Casual Wear,girl,silicon_valley,tech_expo
Pharmacist Lab Coat,Workwear,boy,all,pharmacy_duty
Dentist Scrubs,Workwear,girl,all,dental_clinic_shift
Corporate Trainer Skirt Suit,Formal Wear,girl,all,employee_workshop
Bank Teller Uniform,Workwear,boy,all,bank_customer_service
Graphic Designer Denim Shirt,Casual Wear,girl,all,creative_studio_work
IT Consultant Blazer,Formal Wear,boy,all,client_it_meeting
Librarian Cardigan,Workwear,girl,all,library_management
Event Planner Jumpsuit,Formal Wear,girl,all,wedding_planning_meeting
Journalist Press Vest,Workwear,boy,all,news_field_reporting
Marketing Blouse and Trousers,Formal Wear,girl,all,ad_campaign_launch
Hotel Concierge Uniform,Workwear,boy,all,hotel_guest_services
Receptionist Pencil Dress,Formal Wear,girl,all,corporate_reception
Real Estate Agent Suit,Formal Wear,boy,all,property_showing
HR Manager Blazer,Formal Wear,girl,all,recruitment_interview
Financial Analyst Shirt,Formal Wear,boy,all,stock_market_briefing
Data Scientist Casual Shirt,Casual Wear,girl,silicon_valley,data_analytics_meeting
Startup Founder Jacket,Fusion Wear,boy,all,pitch_to_investors
PR Specialist Dress,Formal Wear,girl,all,public_relations_event
Teacher Kurta Set,Ethnic Wear,boy,all_india,school_cultural_day
Professor Saree,Ethnic Wear,girl,all_india,university_cultural_fest
Engineer Safety Vest,Workwear,boy,all,engineering_project_inspection
Interior Designer Blouse,Casual Wear,girl,all,client_design_consultation
Surgeon Scrubs,Workwear,boy,all,surgical_operation
Veterinarian Lab Coat,Workwear,girl,all,vet_clinic_duty
Lawyer Pinstripe Suit,Formal Wear,boy,all,corporate_law_meeting
Accountant Formal Shirt,Formal Wear,girl,all,tax_audit_session
Sales Executive Blazer,Workwear,boy,all,sales_team_meeting
Customer Support Polo,Workwear,girl,all,call_center_shift
Pharmacologist Lab Coat,Workwear,boy,all,drug_research_lab
Startup CEO Casual Jacket,Casual Wear,girl,silicon_valley,team_strategy_session
Teacher Churidar Suit,Ethnic Wear,girl,all_india,school_annual_function
Professor Nehru Jacket,Ethnic Wear,boy,all_india,academic_conference
Construction Manager Jacket,Workwear,boy,all,building_site_supervision
Fashion Stylist Crop Top,Fusion Wear,girl,all,photo_shoot_coordination
Software Developer T-shirt,Casual Wear,boy,silicon_valley,agile_team_meeting
UX Designer Casual Dress,Casual Wear,girl,all,design_sprint
Corporate Lawyer Robe,Formal Wear,boy,all,high_court_hearing
HR Consultant Dress,Formal Wear,girl,all,employee_engagement_session
Bank Manager Suit,Formal Wear,boy,all,branch_management_meeting
Marketing Manager Jumpsuit,Formal Wear,girl,all,brand_strategy_session
Chef Coat,Workwear,boy,all,culinary_competition
Pastry Chef Apron,Workwear,girl,all,bakery_workshop
Retail Manager Shirt,Workwear,boy,all,store_inventory_check
Event Coordinator Blazer,Formal Wear,girl,all,corporate_event_planning
Journalist Casual Jacket,Casual Wear,boy,all,press_conference_coverage
Public Speaker Suit,Formal Wear,girl,all,motivational_talk
Teacher Salwar Suit,Ethnic Wear,girl,all_india,school_parent_meeting
Professor Kurta Set,Ethnic Wear,boy,all_india,university_research_seminar
Architect Smart Casual,Workwear,boy,all,client_design_presentation
Interior Decorator Dress,Casual Wear,girl,all,home_staging_project
Surgeon Green Scrubs,Workwear,boy,all,operating_theatre
Nurse Blue Scrubs,Workwear,girl,all,hospital_ward_duty
Lawyer Black Suit,Formal Wear,boy,all,legal_negotiation
Accountant Business Dress,Formal Wear,girl,all,financial_planning_meeting
Sales Manager Blazer,Workwear,boy,all,sales_strategy_session
Customer Service Shirt,Workwear,girl,all,retail_customer_interaction
Pharmacist White Coat,Workwear,boy,all,pharmacy_consultation
Tech Lead Hoodie,Casual Wear,girl,silicon_valley,product_development_meeting
Teacher Anarkali Suit,Ethnic Wear,girl,all_india,school_farewell_event
Professor Bandhgala,Ethnic Wear,boy,all_india,university_award_ceremony
Engineer Hard Hat Vest,Workwear,boy,all,construction_site_inspection
Fashion Designer Tunic,Fusion Wear,girl,all,fashion_week_preparation
Software Engineer Polo,Casual Wear,boy,silicon_valley,tech_team_retreat
UX Researcher Blouse,Casual Wear,girl,all,user_testing_session
Corporate Trainer Suit,Formal Wear,boy,all,leadership_training
HR Specialist Skirt,Formal Wear,girl,all,employee_onboarding
Bank Teller Shirt,Workwear,boy,all,banking_operations
Marketing Executive Dress,Formal Wear,girl,all,advertising_pitch
Hotel Manager Uniform,Workwear,boy,all,hotel_management_duty
Receptionist Blazer,Formal Wear,girl,all,corporate_front_desk
Real Estate Broker Suit,Formal Wear,boy,all,client_property_tour
Startup Founder T-shirt,Casual Wear,girl,silicon_valley,investor_meeting
PR Manager Jumpsuit,Formal Wear,girl,all,media_event_coordination
Teacher Dhoti Kurta,Ethnic Wear,boy,all_india,school_independence_day
Professor Churidar Suit,Ethnic Wear,girl,all_india,university_cultural_day
Architect Cargo Pants,Workwear,boy,all,site_design_review
Interior Designer Skirt,Casual Wear,girl,all,client_home_consultation
Surgeon Blue Scrubs,Workwear,boy,all,emergency_surgery
Veterinarian Scrubs,Workwear,girl,all,animal_clinic_shift
Lawyer Formal Dress,Formal Wear,girl,all,client_legal_meeting
Accountant Blazer,Formal Wear,boy,all,corporate_audit
Sales Representative Shirt,Workwear,boy,all,client_sales_meeting
Customer Support Dress,Workwear,girl,all,call_center_operations
Pharmacologist Scrubs,Workwear,boy,all,clinical_trial_oversight
Tech Consultant Jacket,Casual Wear,girl,silicon_valley,tech_consulting_meeting
Teacher Saree,Ethnic Wear,girl,all_india,school_teacher_training
Professor Sherwani,Ethnic Wear,boy,all_india,university_graduation
Engineer Utility Jacket,Workwear,boy,all,field_engineering_project
Fashion Editor Dress,Fusion Wear,girl,all,fashion_magazine_shoot
Software Developer Hoodie,Casual Wear,boy,silicon_valley,code_review_session
UI Designer Casual Top,Casual Wear,girl,all,design_team_meeting
Corporate Lawyer Suit,Formal Wear,boy,all,legal_advisory_meeting
HR Director Blouse,Formal Wear,girl,all,corporate_policy_review
Bank Manager Blazer,Formal Wear,boy,all,financial_branch_meeting
Marketing Director Suit,Formal Wear,girl,all,brand_campaign_launch
Chef White Coat,Workwear,boy,all,restaurant_service
Pastry Chef Uniform,Workwear,girl,all,baking_competition
Retail Supervisor Polo,Workwear,boy,all,store_management_shift
Event Manager Dress,Formal Wear,girl,all,corporate_gala_planning
Journalist Field Jacket,Workwear,boy,all,investigative_reporting
Public Speaker Blazer,Formal Wear,girl,all,ted_talk_event
Teacher Kurti Set,Ethnic Wear,girl,all_india,school_sports_day
Professor Jacket,Fusion Wear,boy,all_india,university_workshop
Architect Blazer,Workwear,boy,all,design_proposal_presentation
Interior Stylist Jumpsuit,Casual Wear,girl,all,client_interior_consultation
Surgeon Scrubs Set,Workwear,boy,all,hospital_surgery_shift
Nurse Scrubs Set,Workwear,girl,all,icu_duty
Lawyer Navy Suit,Formal Wear,boy,all,corporate_law_consultation
Accountant Dress Shirt,Formal Wear,girl,all,financial_review_meeting
Sales Manager Shirt,Workwear,boy,all,sales_team_training
Customer Service Polo,Workwear,girl,all,retail_store_shift
Pharmacist Lab Coat,Workwear,boy,all,pharmacy_operations
Tech Lead Casual Shirt,Casual Wear,girl,silicon_valley,tech_product_review
Teacher Salwar Kameez,Ethnic Wear,girl,all_india,school_annual_day
Professor Kurta Pajama,Ethnic Wear,boy,all_india,university_seminar
Engineer Safety Jacket,Workwear,boy,all,construction_project_review
Fashion Designer Dress,Fusion Wear,girl,all,fashion_show_runway
Software Engineer T-shirt,Casual Wear,boy,silicon_valley,tech_team_meeting
UX Designer Blouse,Casual Wear,girl,all,design_workshop
Corporate Trainer Blazer,Formal Wear,boy,all,employee_training_session
HR Consultant Jumpsuit,Formal Wear,girl,all,recruitment_strategy_meeting
Bank Teller Uniform,Workwear,boy,all,bank_teller_duty
Marketing Specialist Dress,Formal Wear,girl,all,marketing_campaign_review
Hotel Concierge Blazer,Workwear,boy,all,hotel_guest_management
Receptionist Dress,Formal Wear,girl,all,corporate_office_reception
Real Estate Agent Jacket,Formal Wear,boy,all,property_client_meeting
Startup CEO Dress,Casual Wear,girl,silicon_valley,venture_capital_pitch
PR Specialist Blazer,Formal Wear,girl,all,media_press_event
Teacher Churidar Set,Ethnic Wear,girl,all_india,school_cultural_event
Professor Bandhani Kurta,Ethnic Wear,boy,all_india,university_lecture_series
Architect Work Shirt,Workwear,boy,all,construction_design_meeting
Interior Designer Top,Casual Wear,girl,all,home_design_consultation
Surgeon Green Scrubs,Workwear,boy,all,surgical_procedure
Veterinarian Uniform,Workwear,girl,all,vet_clinic_examination
Lawyer Black Dress,Formal Wear,girl,all,legal_case_presentation
Accountant Formal Blazer,Formal Wear,boy,all,corporate_tax_meeting
Sales Executive Shirt,Workwear,boy,all,sales_client_presentation
Customer Support Uniform,Workwear,girl,all,call_center_management
Pharmacologist White Coat,Workwear,boy,all,drug_development_meeting
Tech Consultant Hoodie,Casual Wear,girl,silicon_valley,tech_project_review
Teacher Anarkali Kurti,Ethnic Wear,girl,all_india,school_graduation_day
Professor Sherwani Set,Ethnic Wear,boy,all_india,university_cultural_event
Engineer Cargo Vest,Workwear,boy,all,field_inspection
Fashion Stylist Jumpsuit,Fusion Wear,girl,all,fashion_photoshoot
Software Developer Jacket,Casual Wear,boy,silicon_valley,tech_team_huddle
UI Designer Dress,Casual Wear,girl,all,design_review_session
Corporate Lawyer Blazer,Formal Wear,boy,all,legal_contract_review
HR Director Dress,Formal Wear,girl,all,employee_relations_meeting
Bank Manager Suit,Formal Wear,boy,all,bank_branch_review
Marketing Director Blouse,Formal Wear,girl,all,brand_marketing_meeting
Chef Uniform Set,Workwear,boy,all,culinary_event
Pastry Chef Coat,Workwear,girl,all,bakery_production
Retail Manager Blazer,Workwear,boy,all,store_operations_meeting
Event Coordinator Dress,Formal Wear,girl,all,wedding_event_management
Journalist Press Jacket,Workwear,boy,all,news_event_coverage
Public Speaker Jumpsuit,Formal Wear,girl,all,conference_keynote
Teacher Kurta Set,Ethnic Wear,girl,all_india,school_festive_day
Professor Nehru Suit,Ethnic Wear,boy,all_india,university_symposium
Architect Utility Shirt,Workwear,boy,all,design_site_visit
Interior Stylist Blouse,Casual Wear,girl,all,client_design_meeting
Surgeon Blue Scrubs,Workwear,boy,all,hospital_operation
Nurse White Scrubs,Workwear,girl,all,emergency_ward_duty
Lawyer Formal Suit,Formal Wear,boy,all,legal_hearing
Accountant Business Shirt,Formal Wear,girl,all,financial_audit_meeting
Sales Manager Polo,Workwear,boy,all,sales_team_review
Customer Service Dress,Workwear,girl,all,retail_customer_service
Pharmacist Scrubs,Workwear,boy,all,pharmacy_shift
Tech Lead T-shirt,Casual Wear,girl,silicon_valley,tech_product_meeting
Teacher Saree Set,Ethnic Wear,girl,all_india,school_teacher_meeting
Professor Kurta Set,Ethnic Wear,boy,all_india,university_research_meeting
Engineer Work Jacket,Workwear,boy,all,construction_site_management
Fashion Editor Jumpsuit,Fusion Wear,girl,all,fashion_week_event
Software Engineer Hoodie,Casual Wear,boy,silicon_valley,tech_sprint
UX Researcher Top,Casual Wear,girl,all,user_research_session
Corporate Trainer Suit,Formal Wear,boy,all,corporate_workshop
HR Specialist Blazer,Formal Wear,girl,all,employee_training_meeting
Bank Teller Blazer,Workwear,boy,all,bank_customer_interaction
Marketing Executive Jumpsuit,Formal Wear,girl,all,marketing_team_meeting
Hotel Manager Suit,Workwear,boy,all,hotel_operations
Receptionist Skirt,Formal Wear,girl,all,corporate_reception_duty
Real Estate Broker Blazer,Formal Wear,boy,all,property_showcase
Startup Founder Dress,Casual Wear,girl,silicon_valley,tech_founder_meeting
PR Manager Dress,Formal Wear,girl,all,public_relations_meeting
Teacher Churidar Kurti,Ethnic Wear,girl,all_india,school_assembly
Professor Bandhgala Suit,Ethnic Wear,boy,all_india,university_keynote
Architect Work Vest,Workwear,boy,all,construction_project_meeting
Interior Designer Dress,Casual Wear,girl,all,home_design_presentation
Surgeon Scrubs,Workwear,boy,all,surgical_shift
Veterinarian Scrubs,Workwear,girl,all,animal_treatment_shift
Lawyer Navy Dress,Formal Wear,girl,all,legal_consultation_meeting
Accountant Formal Shirt,Formal Wear,boy,all,financial_consultation
Sales Representative Blazer,Workwear,boy,all,sales_pitch_meeting
Customer Support Polo,Workwear,girl,all,call_center_duty
Pharmacologist Lab Coat,Workwear,boy,all,clinical_research_shift
Tech Consultant T-shirt,Casual Wear,girl,silicon_valley,tech_strategy_meeting
Teacher Salwar Set,Ethnic Wear,girl,all_india,school_cultural_program
Professor Sherwani,Ethnic Wear,boy,all_india,university_festive_event
Engineer Utility Vest,Workwear,boy,all,field_engineering_inspection
Fashion Designer Blouse,Fusion Wear,girl,all,fashion_design_meeting
Software Developer Polo,Casual Wear,boy,silicon_valley,tech_team_session
UI Designer Jumpsuit,Casual Wear,girl,all,design_team_review
Corporate Lawyer Dress,Formal Wear,girl,all,legal_case_review
HR Director Blazer,Formal Wear,boy,all,employee_management_meeting
Bank Manager Shirt,Formal Wear,boy,all,bank_operations_meeting
Marketing Director Dress,Formal Wear,girl,all,brand_strategy_meeting
Chef Coat Set,Workwear,boy,all,culinary_service
Pastry Chef Apron Set,Workwear,girl,all,bakery_shift_duty
Retail Supervisor Shirt,Workwear,boy,all,store_management_duty
Event Manager Jumpsuit,Formal Wear,girl,all,corporate_event_management
Journalist Field Vest,Workwear,boy,all,news_coverage_event
Public Speaker Blazer,Formal Wear,girl,all,conference_speech
Teacher Kurti Set,Ethnic Wear,girl,all_india,school_parent_teacher_meeting
Professor Kurta Pajama,Ethnic Wear,boy,all_india,university_research_conference
Architect Blazer,Workwear,boy,all,design_project_presentation
Interior Stylist Top,Casual Wear,girl,all,client_design_session
Surgeon Green Scrubs,Workwear,boy,all,hospital_surgery_duty
Nurse Blue Scrubs,Workwear,girl,all,hospital_ward_shift
Lawyer Black Suit,Formal Wear,boy,all,legal_case_hearing
Accountant Business Dress,Formal Wear,girl,all,financial_meeting
Sales Manager Shirt,Workwear,boy,all,sales_team_meeting
Customer Service Polo,Workwear,girl,all,retail_store_duty
Pharmacist White Coat,Workwear,boy,all,pharmacy_duty_shift
Tech Lead Hoodie,Casual Wear,girl,silicon_valley,tech_team_meeting
Teacher Saree,Ethnic Wear,girl,all_india,school_annual_function
Professor Nehru Jacket,Ethnic Wear,boy,all_india,university_cultural_fest
Engineer Safety Vest,Workwear,boy,all,construction_site_visit
Fashion Stylist Dress,Fusion Wear,girl,all,fashion_photoshoot_coordination
Software Engineer T-shirt,Casual Wear,boy,silicon_valley,tech_team_huddle
UX Designer Blouse,Casual Wear,girl,all,design_sprint_session
Corporate Trainer Blazer,Formal Wear,boy,all,employee_training_workshop
HR Consultant Dress,Formal Wear,girl,all,recruitment_meeting
Bank Teller Shirt,Workwear,boy,all,bank_customer_service_duty
Marketing Specialist Jumpsuit,Formal Wear,girl,all,marketing_campaign_launch
Hotel Concierge Uniform,Workwear,boy,all,hotel_guest_services_duty
Receptionist Blazer,Formal Wear,girl,all,corporate_front_desk_duty
Real Estate Agent Suit,Formal Wear,boy,all,property_client_tour
Startup CEO Jacket,Casual Wear,girl,silicon_valley,venture_capital_meeting
PR Specialist Dress,Formal Wear,girl,all,media_event_management
Teacher Churidar Suit,Ethnic Wear,girl,all_india,school_cultural_day
Professor Bandhgala,Ethnic Wear,boy,all_india,university_lecture
Architect Work Shirt,Workwear,boy,all,construction_design_review
Interior Designer Skirt,Casual Wear,girl,all,home_staging_consultation
Surgeon Blue Scrubs,Workwear,boy,all,emergency_surgery_shift
Veterinarian Scrubs,Workwear,girl,all,animal_clinic_duty
Lawyer Formal Dress,Formal Wear,girl,all,legal_negotiation_meeting
Accountant Blazer,Formal Wear,boy,all,corporate_audit_session
Sales Executive Shirt,Workwear,boy,all,sales_client_meeting
Customer Support Dress,Workwear,girl,all,call_center_operations_duty
Pharmacologist White Coat,Workwear,boy,all,drug_research_shift
Tech Consultant Hoodie,Casual Wear,girl,silicon_valley,tech_consulting_session
Teacher Anarkali Suit,Ethnic Wear,girl,all_india,school_farewell_function
Professor Sherwani Set,Ethnic Wear,boy,all_india,university_graduation_ceremony
Engineer Cargo Jacket,Workwear,boy,all,field_engineering_project
Fashion Editor Jumpsuit,Fusion Wear,girl,all,fashion_magazine_event
Software Developer Polo,Casual Wear,boy,silicon_valley,tech_team_retreat
UI Designer Dress,Casual Wear,girl,all,design_workshop_session
Corporate Lawyer Suit,Formal Wear,boy,all,legal_advisory_session
HR Director Blouse,Formal Wear,girl,all,employee_relations_session
Bank Manager Blazer,Formal Wear,boy,all,financial_branch_session
Marketing Director Dress,Formal Wear,girl,all,brand_campaign_session
Chef Uniform,Workwear,boy,all,culinary_competition_event
Pastry Chef Coat,Workwear,girl,all,baking_workshop_duty
Retail Manager Polo,Workwear,boy,all,store_inventory_management
Event Coordinator Blazer,Formal Wear,girl,all,corporate_gala_management
Journalist Press Jacket,Workwear,boy,all,investigative_news_coverage
Public Speaker Suit,Formal Wear,girl,all,motivational_speech_event
Teacher Salwar Kameez,Ethnic Wear,girl,all_india,school_teacher_training_day
Professor Kurta Set,Ethnic Wear,boy,all_india,university_research_seminar_day
Architect Utility Vest,Workwear,boy,all,construction_site_inspection_day
Interior Stylist Blouse,Casual Wear,girl,all,client_design_presentation_day
Surgeon Scrubs Set,Workwear,boy,all,hospital_surgery_shift_day
Nurse Scrubs Set,Workwear,girl,all,icu_duty_shift
Lawyer Navy Suit,Formal Wear,boy,all,corporate_law_meeting_day
Accountant Business Shirt,Formal Wear,girl,all,financial_audit_session_day
Sales Manager Blazer,Workwear,boy,all,sales_team_training_day
Customer Service Polo,Workwear,girl,all,retail_customer_service_day
Pharmacist Lab Coat,Workwear,boy,all,pharmacy_operations_day
Tech Lead Casual Shirt,Casual Wear,girl,silicon_valley,tech_product_review_day
Teacher Saree Set,Ethnic Wear,girl,all_india,school_annual_day_event
Professor Nehru Suit,Ethnic Wear,boy,all_india,university_cultural_fest_day
Engineer Safety Jacket,Workwear,boy,all,construction_project_review_day
Fashion Designer Dress,Fusion Wear,girl,all,fashion_show_runway_day
Software Engineer Hoodie,Casual Wear,boy,silicon_valley,tech_sprint_day
UX Researcher Top,Casual Wear,girl,all,user_research_session_day
Corporate Trainer Suit,Formal Wear,boy,all,corporate_workshop_day
HR Specialist Blazer,Formal Wear,girl,all,employee_training_meeting_day
Bank Teller Shirt,Workwear,boy,all,bank_customer_interaction_day
Marketing Executive Dress,Formal Wear,girl,all,marketing_team_meeting_day
Hotel Manager Uniform,Workwear,boy,all,hotel_operations_day
Receptionist Skirt,Formal Wear,girl,all,corporate_reception_duty_day
Real Estate Broker Blazer,Formal Wear,boy,all,property_showcase_day
Startup Founder Dress,Casual Wear,girl,silicon_valley,venture_capital_pitch_day
PR Manager Dress,Formal Wear,girl,all,public_relations_meeting_day
Teacher Churidar Kurti,Ethnic Wear,girl,all_india,school_assembly_day
Professor Bandhani Kurta,Ethnic Wear,boy,all_india,university_keynote_day
Architect Work Shirt,Workwear,boy,all,construction_design_review_day
Interior Designer Dress,Casual Wear,girl,all,home_design_consultation_day
Surgeon Green Scrubs,Workwear,boy,all,surgical_procedure_day
Veterinarian Scrubs,Workwear,girl,all,animal_treatment_shift_day
Lawyer Black Dress,Formal Wear,girl,all,legal_case_presentation_day
Accountant Formal Blazer,Formal Wear,boy,all,corporate_tax_meeting_day
Sales Executive Shirt,Workwear,boy,all,sales_client_presentation_day
Customer Support Polo,Workwear,girl,all,call_center_duty_day
Pharmacologist White Coat,Workwear,boy,all,clinical_research_shift_day
Tech Consultant T-shirt,Casual Wear,girl,silicon_valley,tech_strategy_meeting_day
Teacher Anarkali Kurti,Ethnic Wear,girl,all_india,school_graduation_day_event
Professor Sherwani,Ethnic Wear,boy,all_india,university_festive_event_day
Engineer Cargo Vest,Workwear,boy,all,field_engineering_inspection_day
Fashion St_Designer Jumpsuit,Fusion Wear,girl,all,fashion_photoshoot_day
Software Developer Polo,Casual Wear,boy,silicon_valley,tech_team_session_day
UI Designer Dress,Casual Wear,girl,all,design_team_review_day
Corporate Lawyer Blazer,Formal Wear,boy,all,legal_contract_review_day
HR Director Dress,Formal Wear,girl,all,employee_management_meeting_day
Bank Manager Suit,Formal Wear,boy,all,bank_branch_review_day
Marketing Director Blouse,Formal Wear,girl,all,brand_strategy_meeting_day
Chef Coat Set,Workwear,boy,all,culinary_event_day
Pastry Chef Apron,Workwear,girl,all,bakery_shift_duty_day
Retail Supervisor Shirt,Workwear,boy,all,store_management_shift_day
Event Manager Dress,Formal Wear,girl,all,corporate_event_management_day
Journalist Field Jacket,Workwear,boy,all,news_event_coverage_day
Public Speaker Blazer,Formal Wear,girl,all,conference_speech_day
Teacher Kurta Set,Ethnic Wear,girl,all_india,school_parent_teacher_meeting_day
Professor Kurta Pajama,Ethnic Wear,boy,all_india,university_research_conference_day
Architect Blazer,Workwear,boy,all,design_project_presentation_day
Interior Stylist Top,Casual Wear,girl,all,client_design_session_day
Surgeon Scrubs,Workwear,boy,all,hospital_surgery_shift_day
Nurse Scrubs,Workwear,girl,all,emergency_ward_shift_day
Lawyer Formal Suit,Formal Wear,boy,all,legal_hearing_day
Accountant Business Shirt,Formal Wear,girl,all,financial_audit_meeting_day
Sales Manager Polo,Workwear,boy,all,sales_team_review_day
Customer Service Dress,Workwear,girl,all,retail_store_duty_day
Pharmacist White Coat,Workwear,boy,all,pharmacy_duty_shift_day
Tech Lead Hoodie,Casual Wear,girl,silicon_valley,tech_product_meeting_day
Teacher Saree,Ethnic Wear,girl,all_india,school_teacher_training_day_event
Professor Nehru Jacket,Ethnic Wear,boy,all_india,university_cultural_fest_day_event
Engineer Safety Vest,Workwear,boy,all,construction_site_visit_day
Fashion Editor Dress,Fusion Wear,girl,all,fashion_week_event_day
Software Engineer T-shirt,Casual Wear,boy,silicon_valley,tech_team_huddle_day
UX Designer Blouse,Casual Wear,girl,all,design_sprint_session_day
Corporate Trainer Blazer,Formal Wear,boy,all,employee_training_workshop_day
HR Consultant Dress,Formal Wear,girl,all,recruitment_meeting_day
Bank Teller Blazer,Workwear,boy,all,bank_customer_service_duty_day
Marketing Specialist Jumpsuit,Formal Wear,girl,all,marketing_campaign_launch_day
Hotel Concierge Uniform,Workwear,boy,all,hotel_guest_services_duty_day
Receptionist Skirt,Formal Wear,girl,all,corporate_reception_duty_day
Real Estate Agent Suit,Formal Wear,boy,all,property_client_tour_day
Startup CEO Jacket,Casual Wear,girl,silicon_valley,venture_capital_meeting_day
PR Specialist Dress,Formal Wear,girl,all,public_relations_meeting_day
Teacher Churidar Suit,Ethnic Wear,girl,all_india,school_cultural_day_event
Professor Bandhgala Suit,Ethnic Wear,boy,all_india,university_lecture_day
Architect Work Shirt,Workwear,boy,all,construction_design_review_day_event
Interior Designer Dress,Casual Wear,girl,all,home_design_consultation_day
Surgeon Blue Scrubs,Workwear,boy,all,emergency_surgery_shift_day
Veterinarian Scrubs,Workwear,girl,all,animal_clinic_duty_day
Lawyer Navy Dress,Formal Wear,girl,all,legal_negotiation_meeting_day
Accountant Formal Blazer,Formal Wear,boy,all,corporate_tax_meeting_day_event
Sales Executive Shirt,Workwear,boy,all,sales_client_presentation_day
Customer Support Polo,Workwear,girl,all,call_center_duty_day
Pharmacologist White Coat,Workwear,boy,all,clinical_research_shift_day_event
Tech Consultant T-shirt,Casual Wear,girl,silicon_valley,tech_strategy_meeting_day
Teacher Anarkali Suit,Ethnic Wear,girl,all_india,school_graduation_day_event_day
Professor Sherwani Set,Ethnic Wear,boy,all_india,university_festive_event_day_event
Engineer Cargo Vest,Workwear,boy,all,field_engineering_inspection_day_event
Fashion Stylist Jumpsuit,Fusion Wear,girl,all,fashion_photoshoot_day_event
Software Developer Polo,Casual Wear,boy,silicon_valley,tech_team_session_day_event
UI Designer Dress,Casual Wear,girl,all,design_team_review_day
Corporate Lawyer Blazer,Formal Wear,boy,all,legal_contract_review_day_event
HR Director Dress,Formal Wear,girl,all,employee_management_meeting_day_event
Bank Manager Suit,Formal Wear,boy,all,bank_branch_review_day_event
Marketing Director Blouse,Formal Wear,girl,all,brand_strategy_meeting_day_event
Chef Coat Set,Workwear,boy,all,culinary_event_day_event
Pastry Chef Apron,Workwear,girl,all,bakery_shift_duty_day_event
Retail Supervisor Shirt,Workwear,boy,all,store_management_shift_day_event
Event Manager Dress,Formal Wear,girl,all,corporate_event_management_day_event
Journalist Field Jacket,Workwear,boy,all,news_event_coverage_day_event
Public Speaker Blazer,Formal Wear,girl,all,conference_speech_day_event
Teacher Kurta Set,Ethnic Wear,girl,all_india,school_parent_teacher_meeting_day_event
Professor Kurta Pajama,Ethnic Wear,boy,all_india,university_research_conference_day_event
Architect Blazer,Workwear,boy,all,design_project_presentation_day_event
Interior Stylist Top,Casual Wear,girl,all,client_design_session_day_event
Surgeon Scrubs,Workwear,boy,all,hospital_surgery_shift_day_event
Nurse Scrubs,Workwear,girl,all,emergency_ward_shift_day_event
Lawyer Formal Suit,Formal Wear,boy,all,legal_hearing_day_event
Accountant Business Shirt,Formal Wear,girl,all,financial_audit_meeting_day_event
Sales Manager Polo,Workwear,boy,all,sales_team_review_day_event
Customer Service Dress,Workwear,girl,all,retail_store_duty_day_event
Pharmacist White Coat,Workwear,boy,all,pharmacy_duty_shift_day_event
Tech Lead Hoodie,Casual Wear,girl,silicon_valley,tech_product_meeting_day_event
Teacher Saree,Ethnic Wear,girl,all_india,school_teacher_training_day_event_day
Professor Nehru Jacket,Ethnic Wear,boy,all_india,university_cultural_fest_day_event_day
Engineer Safety Vest,Workwear,boy,all,construction_site_visit_day_event
Fashion Editor Dress,Fusion Wear,girl,all,fashion_week_event_day_event
Software Engineer T-shirt,Casual Wear,boy,silicon_valley,tech_team_huddle_day_event
UX Designer Blouse,Casual Wear,girl,all,design_sprint_session_day_event
Corporate Trainer Blazer,Formal Wear,boy,all,employee_training_workshop_day_event
HR Consultant Dress,Formal Wear,girl,all,recruitment_meeting_day_event
Bank Teller Blazer,Workwear,boy,all,bank_customer_service_duty_day_event
Marketing Specialist Jumpsuit,Formal Wear,girl,all,marketing_campaign_launch_day_event
Hotel Concierge Uniform,Workwear,boy,all,hotel_guest_services_duty_day_event
Receptionist Skirt,Formal Wear,girl,all,corporate_reception_duty_day_event
Real Estate Agent Suit,Formal Wear,boy,all,property_client_tour_day_event
Startup CEO Jacket,Casual Wear,girl,silicon_valley,venture_capital_meeting_day_event
PR Specialist Dress,Formal Wear,girl,all,public_relations_meeting_day_event
Teacher Churidar Suit,Ethnic Wear,girl,all_india,school_cultural_day_event_day
Professor Bandhgala Suit,Ethnic Wear,boy,all_india,university_lecture_day_event
Architect Work Shirt,Workwear,boy,all,construction_design_review_day_event_day
Interior Designer Dress,Casual Wear,girl,all,home_design_consultation_day_event
Surgeon Blue Scrubs,Workwear,boy,all,emergency_surgery_shift_day_event
Veterinarian Scrubs,Workwear,girl,all,animal_clinic_duty_day_event
Lawyer Navy Dress,Formal Wear,girl,all,legal_negotiation_meeting_day_event
Accountant Formal Blazer,Formal Wear,boy,all,corporate_tax_meeting_day_event_day
Sales Executive Shirt,Workwear,boy,all,sales_client_presentation_day_event
Customer Support Polo,Workwear,girl,all,call_center_duty_day_event
Pharmacologist White Coat,Workwear,boy,all,clinical_research_shift_day_event_day
Tech Consultant T-shirt,Casual Wear,girl,silicon_valley,tech_strategy_meeting_day_event
Teacher Anarkali Kurti,Ethnic Wear,girl,all_india,school_graduation_day_event_day_event
Professor Sherwani Set,Ethnic Wear,boy,all_india,university_festive_event_day_event_day
Engineer Cargo Vest,Workwear,boy,all,field_engineering_inspection_day_event_day
Fashion Stylist Jumpsuit,Fusion Wear,girl,all,fashion_photoshoot_day_event_day
Software Developer Polo,Casual Wear,boy,silicon_valley,tech_team_session_day_event_day
UI Designer Dress,Casual Wear,girl,all,design_team_review_day_event
Corporate Lawyer Blazer,Formal Wear,boy,all,legal_contract_review_day_event_day
HR Director Dress,Formal Wear,girl,all,employee_management_meeting_day_event_day
Bank Manager Suit,Formal Wear,boy,all,bank_branch_review_day_event_day
Marketing Director Blouse,Formal Wear,girl,all,brand_strategy_meeting_day_event_day
Chef Coat Set,Workwear,boy,all,culinary_event_day_event_day
Pastry Chef Apron,Workwear,girl,all,bakery_shift_duty_day_event_day
Retail Supervisor Shirt,Workwear,boy,all,store_management_shift_day_event_day
Event Manager Dress,Formal Wear,girl,all,corporate_event_management_day_event_day
Journalist Field Jacket,Workwear,boy,all,news_event_coverage_day_event_day
Public Speaker Blazer,Formal Wear,girl,all,conference_speech_day_event_day
Teacher Kurta Set,Ethnic Wear,girl,all_india,school_parent_teacher_meeting_day_event_day
Professor Kurta Pajama,Ethnic Wear,boy,all_india,university_research_conference_day_event_day
Architect Blazer,Workwear,boy,all,design_project_presentation_day_event_day
Interior Stylist Top,Casual Wear,girl,all,client_design_session_day_event_day
Surgeon Scrubs,Workwear,boy,all,hospital_surgery_shift_day_event_day
Nurse Scrubs,Workwear,girl,all,emergency_ward_shift_day_event_day
Lawyer Formal Suit,Formal Wear,boy,all,legal_hearing_day_event_day
Accountant Business Shirt,Formal Wear,girl,all,financial_audit_meeting_day_event_day
Sales Manager Polo,Workwear,boy,all,sales_team_review_day_event_day
Customer Service Dress,Workwear,girl,all,retail_store_duty_day_event_day
Pharmacist White Coat,Workwear,boy,all,pharmacy_duty_shift_day_event_day
Tech Lead Hoodie,Casual Wear,girl,silicon_valley,tech_product_meeting_day_event_day
Teacher Saree,Ethnic Wear,girl,all_india,school_teacher_training_day_event_day_event
Professor Nehru Jacket,Ethnic Wear,boy,all_india,university_cultural_fest_day_event_day_event
Engineer Safety Vest,Workwear,boy,all,construction_site_visit_day_event_day
Fashion Editor Dress,Fusion Wear,girl,all,fashion_week_event_day_event_day
Software Engineer T-shirt,Casual Wear,boy,silicon_valley,tech_team_huddle_day_event_day
UX Designer Blouse,Casual Wear,girl,all,design_sprint_session_day_event_day
Corporate Trainer Blazer,Formal Wear,boy,all,employee_training_workshop_day_event_day
HR Consultant Dress,Formal Wear,girl,all,recruitment_meeting_day_event_day
Bank Teller Blazer,Workwear,boy,all,bank_customer_service_duty_day_event_day
Marketing Specialist Jumpsuit,Formal Wear,girl,all,marketing_campaign_launch_day_event_day
Hotel Concierge Uniform,Workwear,boy,all,hotel_guest_services_duty_day_event_day
Receptionist Skirt,Formal Wear,girl,all,corporate_reception_duty_day_event_day
Real Estate Agent Suit,Formal Wear,boy,all,property_client_tour_day_event_day
Startup CEO Jacket,Casual Wear,girl,silicon_valley,venture_capital_meeting_day_event_day
PR Specialist Dress,Formal Wear,girl,all,public_relations_meeting_day_event_day
Teacher Churidar Suit,Ethnic Wear,girl,all_india,school_cultural_day_event_day_event
Professor Bandhgala Suit,Ethnic Wear,boy,all_india,university_lecture_day_event_day
Architect Work Shirt,Workwear,boy,all,construction_design_review_day_event_day_event
Interior Designer Dress,Casual Wear,girl,all,home_design_consultation_day_event_day
Surgeon Blue Scrubs,Workwear,boy,all,emergency_surgery_shift_day_event_day
Veterinarian Scrubs,Workwear,girl,all,animal_clinic_duty_day_event_day
Lawyer Navy Dress,Formal Wear,girl,all,legal_negotiation_meeting_day_event_day
Accountant Formal Blazer,Formal Wear,boy,all,corporate_tax_meeting_day_event_day_event
Sales Executive Shirt,Workwear,boy,all,sales_client_presentation_day_event_day
Customer Support Polo,Workwear,girl,all,call_center_duty_day_event_day
Pharmacologist White Coat,Workwear,boy,all,clinical_research_shift_day_event_day_event
Tech Consultant T-shirt,Casual Wear,girl,silicon_valley,tech_strategy_meeting_day_event_day
Teacher Anarkali Kurti,Ethnic Wear,girl,all_india,school_graduation_day_event_day_event_day
Professor Sherwani Set,Ethnic Wear,boy,all_india,university_festive_event_day_event_day_event
Engineer Cargo Vest,Workwear,boy,all,field_engineering_inspection_day_event_day_event
Fashion Stylist Jumpsuit,Fusion Wear,girl,all,fashion_photoshoot_day_event_day_event
Software Developer Polo,Casual Wear,boy,silicon_valley,tech_team_session_day_event_day_event
UI Designer Dress,Casual Wear,girl,all,design_team_review_day_event_day
Corporate Lawyer Blazer,Formal Wear,boy,all,legal_contract_review_day_event_day_event
HR Director Dress,Formal Wear,girl,all,employee_management_meeting_day_event_day_event
Bank Manager Suit,Formal Wear,boy,all,bank_branch_review_day_event_day_event
Marketing Director Blouse,Formal Wear,girl,all,brand_strategy_meeting_day_event_day_event
Chef Coat Set,Workwear,boy,all,culinary_event_day_event_day_event
Pastry Chef Apron,Workwear,girl,all,bakery_shift_duty_day_event_day_event
Retail Supervisor Shirt,Workwear,boy,all,store_management_shift_day_event_day_event
Event Manager Dress,Formal Wear,girl,all,corporate_event_management_day_event_day_event
Journalist Field Jacket,Workwear,boy,all,news_event_coverage_day_event_day_event
Public Speaker Blazer,Formal Wear,girl,all,conference_speech_day_event_day_event
Teacher Kurta Set,Ethnic Wear,girl,all_india,school_parent_teacher_meeting_day_event_day_event
Professor Kurta Pajama,Ethnic Wear,boy,all_india,university_research_conference_day_event_day_event
Architect Blazer,Workwear,boy,all,design_project_presentation_day_event_day_event
Interior Stylist Top,Casual Wear,girl,all,client_design_session_day_event_day_event
Surgeon Scrubs,Workwear,boy,all,hospital_surgery_shift_day_event_day_event
Nurse Scrubs,Workwear,girl,all,emergency_ward_shift_day_event_day_event
Lawyer Formal Suit,Formal Wear,boy,all,legal_hearing_day_event_day_event
Accountant Business Shirt,Formal Wear,girl,all,financial_audit_meeting_day_event_day_event
Sales Manager Polo,Workwear,boy,all,sales_team_review_day_event_day_event
Customer Service Dress,Workwear,girl,all,retail_store_duty_day_event_day_event
Pharmacist White Coat,Workwear,boy,all,pharmacy_duty_shift_day_event_day_event
Tech Lead Hoodie,Casual Wear,girl,silicon_valley,tech_product_meeting_day_event_day_event
Teacher Saree,Ethnic Wear,girl,all_india,school_teacher_training_day_event_day_event_day
Professor Nehru Jacket,Ethnic Wear,boy,all_india,university_cultural_fest_day_event_day_event_day
Engineer Safety Vest,Workwear,boy,all,construction_site_visit_day_event_day_event
Fashion Editor Dress,Fusion Wear,girl,all,fashion_week_event_day_event_day_event
Software Engineer T-shirt,Casual Wear,boy,silicon_valley,tech_team_huddle_day_event_day_event
UX Designer Blouse,Casual Wear,girl,all,design_sprint_session_day_event_day_event
Corporate Trainer Blazer,Formal Wear,boy,all,employee_training_workshop_day_event_day_event
HR Consultant Dress,Formal Wear,girl,all,recruitment_meeting_day_event_day_event
Bank Teller Blazer,Workwear,boy,all,bank_customer_service_duty_day_event_day_event
Marketing Specialist Jumpsuit,Formal Wear,girl,all,marketing_campaign_launch_day_event_day_event
Hotel Concierge Uniform,Workwear,boy,all,hotel_guest_services_duty_day_event_day_event
Receptionist Skirt,Formal Wear,girl,all,corporate_reception_duty_day_event_day_event
Real Estate Agent Suit,Formal Wear,boy,all,property_client_tour_day_event_day_event
Startup CEO Jacket,Casual Wear,girl,silicon_valley,venture_capital_meeting_day_event_day_event
PR Specialist Dress,Formal Wear,girl,all,public_relations_meeting_day_event_day_event
Teacher Churidar Suit,Ethnic Wear,girl,all_india,school_cultural_day_event_day_event_day
Professor Bandhgala Suit,Ethnic Wear,boy,all_india,university_lecture_day_event_day_event
Architect Work Shirt,Workwear,boy,all,construction_design_review_day_event_day_event_day
Interior Designer Dress,Casual Wear,girl,all,home_design_consultation_day_event_day_event
Surgeon Blue Scrubs,Workwear,boy,all,emergency_surgery_shift_day_event_day_event
Veterinarian Scrubs,Workwear,girl,all,animal_clinic_duty_day_event_day_event
Lawyer Navy Dress,Formal Wear,girl,all,legal_negotiation_meeting_day_event_day_event
Accountant Formal Blazer,Formal Wear,boy,all,corporate_tax_meeting_day_event_day_event_day
Sales Executive Shirt,Workwear,boy,all,sales_client_presentation_day_event_day_event
Customer Support Polo,Workwear,girl,all,call_center_duty_day_event_day_event
Pharmacologist White Coat,Workwear,boy,all,clinical_research_shift_day_event_day_event_day
Tech Consultant T-shirt,Casual Wear,girl,silicon_valley,tech_strategy_meeting_day_event_day_event
Teacher Anarkali Kurti,Ethnic Wear,girl,all_india,school_graduation_day_event_day_event_day_event
Professor Sherwani Set,Ethnic Wear,boy,all_india,university_festive_event_day_event_day_event_day
Engineer Cargo Vest,Workwear,boy,all,field_engineering_inspection_day_event_day_event_day
Fashion Stylist Jumpsuit,Fusion Wear,girl,all,fashion_photoshoot_day_event_day_event_day
Software Developer Polo,Casual Wear,boy,silicon_valley,tech_team_session_day_event_day_event_day
UI Designer Dress,Casual Wear,girl,all,design_team_review_day_event_day_event
Corporate Lawyer Blazer,Formal Wear,boy,all,legal_contract_review_day_event_day_event_day
HR Director Dress,Formal Wear,girl,all,employee_management_meeting_day_event_day_event_day
Bank Manager Suit,Formal Wear,boy,all,bank_branch_review_day_event_day_event_day
Marketing Director Blouse,Formal Wear,girl,all,brand_strategy_meeting_day_event_day_event_day
Chef Coat Set,Workwear,boy,all,culinary_event_day_event_day_event_day
Pastry Chef Apron,Workwear,girl,all,bakery_shift_duty_day_event_day_event_day
Retail Supervisor Shirt,Workwear,boy,all,store_management_shift_day_event_day_event_day
Event Manager Dress,Formal Wear,girl,all,corporate_event_management_day_event_day_event_day
Journalist Field Jacket,Workwear,boy,all,news_event_coverage_day_event_day_event_day
Public Speaker Blazer,Formal Wear,girl,all,conference_speech_day_event_day_event_day
Teacher Kurta Set,Ethnic Wear,girl,all_india,school_parent_teacher_meeting_day_event_day_event_day
Professor Kurta Pajama,Ethnic Wear,boy,all_india,university_research_conference_day_event_day_event_day
Architect Blazer,Workwear,boy,all,design_project_presentation_day_event_day_event_day
Interior Stylist Top,Casual Wear,girl,all,client_design_session_day_event_day_event_day
Surgeon Scrubs,Workwear,boy,all,hospital_surgery_shift_day_event_day_event_day
Nurse Scrubs,Workwear,girl,all,emergency_ward_shift_day_event_day_event_day
Lawyer Formal Suit,Formal Wear,boy,all,legal_hearing_day_event_day_event_day
Accountant Business Shirt,Formal Wear,girl,all,financial_audit_meeting_day_event_day_event_day
Sales Manager Polo,Workwear,boy,all,sales_team_review_day_event_day_event_day
Customer Service Dress,Workwear,girl,all,retail_store_duty_day_event_day_event_day
Pharmacist White Coat,Workwear,boy,all,pharmacy_duty_shift_day_event_day_event_day
Tech Lead Hoodie,Casual Wear,girl,silicon_valley,tech_product_meeting_day_event_day_event_day
Teacher Saree,Ethnic Wear,girl,all_india,school_teacher_training_day_event_day_event_day_event
Professor Nehru Jacket,Ethnic Wear,boy,all_india,university_cultural_fest_day_event_day_event_day_event
Engineer Safety Vest,Workwear,boy,all,construction_site_visit_day_event_day_event_day
Fashion Editor Dress,Fusion Wear,girl,all,fashion_week_event_day_event_day_event_day
Software Engineer T-shirt,Casual Wear,boy,silicon_valley,tech_team_huddle_day_event_day_event_day
UX Designer Blouse,Casual Wear,girl,all,design_sprint_session_day_event_day_event_day
Corporate Trainer Blazer,Formal Wear,boy,all,employee_training_workshop_day_event_day_event_day
HR Consultant Dress,Formal Wear,girl,all,recruitment_meeting_day_event_day_event_day
Bank Teller Blazer,Workwear,boy,all,bank_customer_service_duty_day_event_day_event_day
Marketing Specialist Jumpsuit,Formal Wear,girl,all,marketing_campaign_launch_day_event_day_event_day
Hotel Concierge Uniform,Workwear,boy,all,hotel_guest_services_duty_day_event_day_event_day
Receptionist Skirt,Formal Wear,girl,all,corporate_reception_duty_day_event_day_event_day
Real Estate Agent Suit,Formal Wear,boy,all,property_client_tour_day_event_day_event_day
Startup CEO Jacket,Casual Wear,girl,silicon_valley,venture_capital_meeting_day_event_day_event_day
PR Specialist Dress,Formal Wear,girl,all,public_relations_meeting_day_event_day_event_day
Teacher Churidar Suit,Ethnic Wear,girl,all_india,school_cultural_day_event_day_event_day_event
Professor Bandhgala Suit,Ethnic Wear,boy,all_india,university_lecture_day_event_day_event_day
Architect Work Shirt,Workwear,boy,all,construction_design_review_day_event_day_event_day_event
Interior Designer Dress,Casual Wear,girl,all,home_design_consultation_day_event_day_event_day
Surgeon Blue Scrubs,Workwear,boy,all,emergency_surgery_shift_day_event_day_event_day
Veterinarian Scrubs,Workwear,girl,all,animal_clinic_duty_day_event_day_event_day
Lawyer Navy Dress,Formal Wear,girl,all,legal_negotiation_meeting_day_event_day_event_day
Accountant Formal Blazer,Formal Wear,boy,all,corporate_tax_meeting_day_event_day_event_day_event
Sales Executive Shirt,Workwear,boy,all,sales_client_presentation_day_event_day_event_day
Customer Support Polo,Workwear,girl,all,call_center_duty_day_event_day_event_day
Pharmacologist White Coat,Workwear,boy,all,clinical_research_shift_day_event_day_event_day_event
Tech Consultant T-shirt,Casual Wear,girl,silicon_valley,tech_strategy_meeting_day_event_day_event_day
Teacher Anarkali Kurti,Ethnic Wear,girl,all_india,school_graduation_day_event_day_event_day_event_day
Professor Sherwani Set,Ethnic Wear,boy,all_india,university_festive_event_day_event_day_event_day_event
Engineer Cargo Vest,Workwear,boy,all,field_engineering_inspection_day_event_day_event_day_event
Fashion Stylist Jumpsuit,Fusion Wear,girl,all,fashion_photoshoot_day_event_day_event_day_event
Software Developer Polo,Casual Wear,boy,silicon_valley,tech_team_session_day_event_day_event_day_event
UI Designer Dress,Casual Wear,girl,all,design_team_review_day_event_day_event_day
Corporate Lawyer Blazer,Formal Wear,boy,all,legal_contract_review_day_event_day_event_day_event
HR Director Dress,Formal Wear,girl,all,employee_management_meeting_day_event_day_event_day_event
Bank Manager Suit,Formal Wear,boy,all,bank_branch_review_day_event_day_event_day_event
Marketing Director Blouse,Formal Wear,girl,all,brand_strategy_meeting_day_event_day_event_day_event
Chef Coat Set,Workwear,boy,all,culinary_event_day_event_day_event_day_event
Pastry Chef Apron,Workwear,girl,all,bakery_shift_duty_day_event_day_event_day_event
Retail Supervisor Shirt,Workwear,boy,all,store_management_shift_day_event_day_event_day_event
Event Manager Dress,Formal Wear,girl,all,corporate_event_management_day_event_day_event_day_event
Journalist Field Jacket,Workwear,boy,all,news_event_coverage_day_event_day_event_day_event
Public Speaker Blazer,Formal Wear,girl,all,conference_speech_day_event_day_event_day_event
Teacher Kurta Set,Ethnic Wear,girl,all_india,school_parent_teacher_meeting_day_event_day_event_day_event
Professor Kurta Pajama,Ethnic Wear,boy,all_india,university_research_conference_day_event_day_event_day_event
Architect Blazer,Workwear,boy,all,design_project_presentation_day_event_day_event_day_event
Interior Stylist Top,Casual Wear,girl,all,client_design_session_day_event_day_event_day_event
Surgeon Scrubs,Workwear,boy,all,hospital_surgery_shift_day_event_day_event_day_event
Nurse Scrubs,Workwear,girl,all,emergency_ward_shift_day_event_day_event_day_event
Lawyer Formal Suit,Formal Wear,boy,all,legal_hearing_day_event_day_event_day_event
Accountant Business Shirt,Formal Wear,girl,all,financial_audit_meeting_day_event_day_event_day_event
Sales Manager Polo,Workwear,boy,all,sales_team_review_day_event_day_event_day_event
Customer Service Dress,Workwear,girl,all,retail_store_duty_day_event_day_event_day_event
Pharmacist White Coat,Workwear,boy,all,pharmacy_duty_shift_day_event_day_event_day_event
Tech Lead Hoodie,Casual Wear,girl,silicon_valley,tech_product_meeting_day_event_day_event_day_event
Teacher Saree,Ethnic Wear,girl,all_india,school_teacher_training_day_event_day_event_day_event_day
Professor Nehru Jacket,Ethnic Wear,boy,all_india,university_cultural_fest_day_event_day_event_day_event_day
Engineer Safety Vest,Workwear,boy,all,construction_site_visit_day_event_day_event_day_event
Fashion Editor Dress,Fusion Wear,girl,all,fashion_week_event_day_event_day_event_day_event
Software Engineer T-shirt,Casual Wear,boy,silicon_valley,tech_team_huddle_day_event_day_event_day_event
UX Designer Blouse,Casual Wear,girl,all,design_sprint_session_day_event_day_event_day_event
Corporate Trainer Blazer,Formal Wear,boy,all,employee_training_workshop_day_event_day_event_day_event
HR Consultant Dress,Formal Wear,girl,all,recruitment_meeting_day_event_day_event_day_event
Bank Teller Blazer,Workwear,boy,all,bank_customer_service_duty_day_event_day_event_day_event
Marketing Specialist Jumpsuit,Formal Wear,girl,all,marketing_campaign_launch_day_event_day_event_day_event
Hotel Concierge Uniform,Workwear,boy,all,hotel_guest_services_duty_day_event_day_event_day_event
Receptionist Skirt,Formal Wear,girl,all,corporate_reception_duty_day_event_day_event_day_event
Real Estate Agent Suit,Formal Wear,boy,all,property_client_tour_day_event_day_event_day_event
Startup CEO Jacket,Casual Wear,girl,silicon_valley,venture_capital_meeting_day_event_day_event_day_event
PR Specialist Dress,Formal Wear,girl,all,public_relations_meeting_day_event_day_event_day_event
Teacher Churidar Suit,Ethnic Wear,girl,all_india,school_cultural_day_event_day_event_day_event_day
Professor Bandhgala Suit,Ethnic Wear,boy,all_india,university_lecture_day_event_day_event_day_event
Architect Work Shirt,Workwear,boy,all,construction_design_review_day_event_day_event_day_event_day
Interior Designer Dress,Casual Wear,girl,all,home_design_consultation_day_event_day_event_day_event
Surgeon Blue Scrubs,Workwear,boy,all,emergency_surgery_shift_day_event_day_event_day_event
Veterinarian Scrubs,Workwear,girl,all,animal_clinic_duty_day_event_day_event_day_event
Lawyer Navy Dress,Formal Wear,girl,all,legal_negotiation_meeting_day_event_day_event_day_event
Accountant Formal Blazer,Formal Wear,boy,all,corporate_tax_meeting_day_event_day_event_day_event_day
Sales Executive Shirt,Workwear,boy,all,sales_client_presentation_day_event_day_event_day_event
Customer Support Polo,Workwear,girl,all,call_center_duty_day_event_day_event_day_event
Pharmacologist White Coat,Workwear,boy,all,clinical_research_shift_day_event_day_event_day_event_day
Tech Consultant T-shirt,Casual Wear,girl,silicon_valley,tech_strategy_meeting_day_event_day_event_day_event
Teacher Anarkali Kurti,Ethnic Wear,girl,all_india,school_graduation_day_event_day_event_day_event_day_event
Professor Sherwani Set,Ethnic Wear,boy,all_india,university_festive_event_day_event_day_event_day_event_day
Engineer Cargo Vest,Workwear,boy,all,field_engineering_inspection_day_event_day_event_day_event_day
Fashion Stylist Jumpsuit,Fusion Wear,girl,all,fashion_photoshoot_day_event_day_event_day_event_day
Software Developer Polo,Casual Wear,boy,silicon_valley,tech_team_session_day_event_day_event_day_event_day
UI Designer Dress,Casual Wear,girl,all,design_team_review_day_event_day_event_day_event
Corporate Lawyer Blazer,Formal Wear,boy,all,legal_contract_review_day_event_day_event_day_event_day
HR Director Dress,Formal Wear,girl,all,employee_management_meeting_day_event_day_event_day_event_day
Bank Manager Suit,Formal Wear,boy,all,bank_branch_review_day_event_day_event_day_event_day
Marketing Director Blouse,Formal Wear,girl,all,brand_strategy_meeting_day_event_day_event_day_event_day
Chef Coat Set,Workwear,boy,all,culinary_event_day_event_day_event_day_event_day
Pastry Chef Apron,Workwear,girl,all,bakery_shift_duty_day_event_day_event_day_event_day
Retail Supervisor Shirt,Workwear,boy,all,store_management_shift_day_event_day_event_day_event_day
Event Manager Dress,Formal Wear,girl,all,corporate_event_management_day_event_day_event_day_event_day
Journalist Field Jacket,Workwear,boy,all,news_event_coverage_day_event_day_event_day_event_day
Public Speaker Blazer,Formal Wear,girl,all,conference_speech_day_event_day_event_day_event_day
Teacher Kurta Set,Ethnic Wear,girl,all_india,school_parent_teacher_meeting_day_event_day_event_day_event_day
Professor Kurta Pajama,Ethnic Wear,boy,all_india,university_research_conference_day_event_day_event_day_event_day
Architect Blazer,Workwear,boy,all,design_project_presentation_day_event_day_event_day_event_day
Interior Stylist Top,Casual Wear,girl,all,client_design_session_day_event_day_event_day_event_day
Surgeon Scrubs,Workwear,boy,all,hospital_surgery_shift_day_event_day_event_day_event_day
Nurse Scrubs,Workwear,girl,all,emergency_ward_shift_day_event_day_event_day_event_day
Lawyer Formal Suit,Formal Wear,boy,all,legal_hearing_day_event_day_event_day_event_day
Accountant Business Shirt,Formal Wear,girl,all,financial_audit_meeting_day_event_day_event_day_event_day
Sales Manager Polo,Workwear,boy,all,sales_team_review_day_event_day_event_day_event_day
Customer Service Dress,Workwear,girl,all,retail_store_duty_day_event_day_event_day_event_day
Pharmacist White Coat,Workwear,boy,all,pharmacy_duty_shift_day_event_day_event_day_event_day
Tech Lead Hoodie,Casual Wear,girl,silicon_valley,tech_product_meeting_day_event_day_event_day_event_day
Teacher Saree,Ethnic Wear,girl,all_india,school_teacher_training_day_event_day_event_day_event_day_event
Professor Nehru Jacket,Ethnic Wear,boy,all_india,university_cultural_fest_day_event_day_event_day_event_day_event
Engineer Safety Vest,Workwear,boy,all,construction_site_visit_day_event_day_event_day_event_day
Fashion Editor Dress,Fusion Wear,girl,all,fashion_week_event_day_event_day_event_day_event_day
Software Engineer T-shirt,Casual Wear,boy,silicon_valley,tech_team_huddle_day_event_day_event_day_event_day
UX Designer Blouse,Casual Wear,girl,all,design_sprint_session_day_event_day_event_day_event_day
Corporate Trainer Blazer,Formal Wear,boy,all,employee_training_workshop_day_event_day_event_day_event_day
HR Consultant Dress,Formal Wear,girl,all,recruitment_meeting_day_event_day_event_day_event_day
Bank Teller Blazer,Workwear,boy,all,bank_customer_service_duty_day_event_day_event_day_event_day
Marketing Specialist Jumpsuit,Formal Wear,girl,all,marketing_campaign_launch_day_event_day_event_day_event_day
Hotel Concierge Uniform,Workwear,boy,all,hotel_guest_services_duty_day_event_day_event_day_event_day
Receptionist Skirt,Formal Wear,girl,all,corporate_reception_duty_day_event_day_event_day_event_day
Real Estate Agent Suit,Formal Wear,boy,all,property_client_tour_day_event_day_event_day_event_day
Startup CEO Jacket,Casual Wear,girl,silicon_valley,venture_capital_meeting_day_event_day_event_day_event_day
PR Specialist Dress,Formal Wear,girl,all,public_relations_meeting_day_event_day_event_day_event_day
Teacher Churidar Suit,Ethnic Wear,girl,all_india,school_cultural_day_event_day_event_day_event_day_event
Professor Bandhgala Suit,Ethnic Wear,boy,all_india,university_lecture_day_event_day_event_day_event_day
Architect Work Shirt,Workwear,boy,all,construction_design_review_day_event_day_event_day_event_day_event
Interior Designer Dress,Casual Wear,girl,all,home_design_consultation_day_event_day_event_day_event_day
Surgeon Blue Scrubs,Workwear,boy,all,emergency_surgery_shift_day_event_day_event_day_event_day
Veterinarian Scrubs,Workwear,girl,all,animal_clinic_duty_day_event_day_event_day_event_day
Lawyer Navy Dress,Formal Wear,girl,all,legal_negotiation_meeting_day_event_day_event_day_event_day
Accountant Formal Blazer,Formal Wear,boy,all,corporate_tax_meeting_day_event_day_event_day_event_day_event
Sales Executive Shirt,Workwear,boy,all,sales_client_presentation_day_event_day_event_day_event_day
Customer Support Polo,Workwear,girl,all,call_center_duty_day_event_day_event_day_event_day
Pharmacologist White Coat,Workwear,boy,all,clinical_research_shift_day_event_day_event_day_event_day_event
Tech Consultant T-shirt,Casual Wear,girl,silicon_valley,tech_strategy_meeting_day_event_day_event_day_event_day
Teacher Anarkali Kurti,Ethnic Wear,girl,all_india,school_graduation_day_event_day_event_day_event_day_event_day
Professor Sherwani Set,Ethnic Wear,boy,all_india,university_festive_event_day_event_day_event_day_event_day_event
Engineer Cargo Vest,Workwear,boy,all,field_engineering_inspection_day_event_day_event_day_event_day_event
Fashion Stylist Jumpsuit,Fusion Wear,girl,all,fashion_photoshoot_day_event_day_event_day_event_day_event
Software Developer Polo,Casual Wear,boy,silicon_valley,tech_team_session_day_event_day_event_day_event_day_event
UI Designer Dress,Casual Wear,girl,all,design_team_review_day_event_day_event_day_event_day
Corporate Lawyer Blazer,Formal Wear,boy,all,legal_contract_review_day_event_day_event_day_event_day_event
HR Director Dress,Formal Wear,girl,all,employee_management_meeting_day_event_day_event_day_event_day_event
Bank Manager Suit,Formal Wear,boy,all,bank_branch_review_day_event_day_event_day_event_day_event
Marketing Director Blouse,Formal Wear,girl,all,brand_strategy_meeting_day_event_day_event_day_event_day_event
Chef Coat Set,Workwear,boy,all,culinary_event_day_event_day_event_day_event_day_event
Pastry Chef Apron,Workwear,girl,all,bakery_shift_d